first_name,last_name
John,Smith
Jane,Doe
Alice,Johnson
Bob,Brown
Charlie,Davis
David,Wilson
Eve,Martinez
Frank,Anderson
Grace,Thomas
Hannah,White
Isaac,Harris
Jack,Martin
Kara,Thompson
Liam,Garcia
Mia,Clark
Noah,Lewis
Olivia,Robinson
Paul,Walker
Quinn,Young
Rachel,Allen
Samuel,King
Tina,Wright
Umar,Scott
Victoria,Taylor
William,Evans
Xander,Hughes
Yara,Baker
Zachary,Carter
Amy,Cooper
Brian,Diaz
Chloe,Edwards
Dylan,Foster
Ella,Gonzalez
Felix,Hamilton
Gina,Ingram
Henry,Jenkins
Isla,Kelly
Jacob,Lambert
Kayla,Murray
Leo,Nelson
Maya,Owen
Nathan,Perry
Olga,Quinn
Peter,Reed
Quincy,Stewart
Rose,Turner
Sean,Underwood
Tracy,Vasquez
Ulysses,Ward
Vanessa,Xu
Wesley,Yang
Ximena,Zhang
Yvonne,Adams
Zane,Bell
Ariana,Cole
Blake,Diaz
Caitlin,Flores
Damian,Griffin
Elena,Hart
Finn,Irvine
Gabriella,Johnson
Harvey,Knight
Isabel,Lane
Jonas,Mitchell
Kelsey,Newton
Lucas,O'Brien
Maddie,Price
Noel,Quinn
Ophelia,Ramos
Patrick,Sanders
Quincy,Thomas
Ruby,Underwood
Sophia,Vargas
Theo,White
Ursula,Xavier
Victor,Yates
Willa,Zimmerman
Xander,Adler
Yasmine,Bishop
Zeke,Callahan
Amber,Donovan
Brandon,Ellis
Clara,Fleming
Dominic,Graves
Eliza,Hamilton
Felix,Ingram
Gemma,Johnson
Hector,King
Ivy,Lee
Julian,Moore
Kira,Nash
Landon,Olsen
Mila,Patel
Nolan,Quincy
Olivia,Rivera
Piper,Shaw
Quentin,Turner
Riley,Underwood
Stella,Vaughn
Tobias,Walker
Uma,Young
Vince,Zhao
Willow,Abbott
Xenia,Brooks
Yuri,Cooper
Zara,Dixon
